emergency	EMERGENCY	Do these first: call, stop, stay put, signal	1
priorities	PRIORITIES & KIT	What matters most, what to carry, how to think	2
fire	FIRE	Make, keep and put out a fire safely	3
water	WATER	Find water and make it safe to drink	4
shelter	SHELTER	Stay dry, out of the wind, off the ground	5
first-aid	FIRST AID	Reference only - call for help first	6
navigation	NAVIGATION	Know where you are and which way to go	7
signaling	SIGNALING	Help rescuers see and hear you	8
weather	WEATHER	Read the sky and stay safe in storms	9
knots	KNOTS & CORDAGE	Knots, lashings and homemade cord	10
food	FOOD & HAZARDS	Safe food, emergency fishing and snares, animals	11
pnw	PACIFIC NORTHWEST	Regional hazards: cold water, plants, wildlife	12
